-- ========================================
-- SCRIPT COM BLOCO PL/SQL - EXECUTA TUDO DE UMA VEZ
-- ========================================

BEGIN
    -- Limpar dados existentes
    DELETE FROM MOVIMENTACAO;
    DELETE FROM CONTA;
    DELETE FROM CLIENTE;
    
    -- Inserir 10 clientes
    INSERT INTO CLIENTE (ID_CLIENTE, NOME, CPF, DATA_CADASTRO) VALUES (1, 'João Silva Santos', '11111111111', CURRENT_TIMESTAMP);
    INSERT INTO CLIENTE (ID_CLIENTE, NOME, CPF, DATA_CADASTRO) VALUES (2, 'Maria Oliveira Costa', '22222222222', CURRENT_TIMESTAMP);
    INSERT INTO CLIENTE (ID_CLIENTE, NOME, CPF, DATA_CADASTRO) VALUES (3, 'Pedro Almeida Lima', '33333333333', CURRENT_TIMESTAMP);
    INSERT INTO CLIENTE (ID_CLIENTE, NOME, CPF, DATA_CADASTRO) VALUES (4, 'Ana Carolina Souza', '44444444444', CURRENT_TIMESTAMP);
    INSERT INTO CLIENTE (ID_CLIENTE, NOME, CPF, DATA_CADASTRO) VALUES (5, 'Carlos Eduardo Pereira', '55555555555', CURRENT_TIMESTAMP);
    INSERT INTO CLIENTE (ID_CLIENTE, NOME, CPF, DATA_CADASTRO) VALUES (6, 'Fernanda Rodrigues', '66666666666', CURRENT_TIMESTAMP);
    INSERT INTO CLIENTE (ID_CLIENTE, NOME, CPF, DATA_CADASTRO) VALUES (7, 'Ricardo Mendes Silva', '77777777777', CURRENT_TIMESTAMP);
    INSERT INTO CLIENTE (ID_CLIENTE, NOME, CPF, DATA_CADASTRO) VALUES (8, 'Juliana Ferreira', '88888888888', CURRENT_TIMESTAMP);
    INSERT INTO CLIENTE (ID_CLIENTE, NOME, CPF, DATA_CADASTRO) VALUES (9, 'Roberto Carlos Dias', '99999999999', CURRENT_TIMESTAMP);
    INSERT INTO CLIENTE (ID_CLIENTE, NOME, CPF, DATA_CADASTRO) VALUES (10, 'Camila Santos Rocha', '10101010101', CURRENT_TIMESTAMP);
    
    -- Inserir 10 contas
    INSERT INTO CONTA (ID_CONTA, ID_CLIENTE, SALDO) VALUES (1, 1, 1500.00);
    INSERT INTO CONTA (ID_CONTA, ID_CLIENTE, SALDO) VALUES (2, 2, 2300.50);
    INSERT INTO CONTA (ID_CONTA, ID_CLIENTE, SALDO) VALUES (3, 3, 850.75);
    INSERT INTO CONTA (ID_CONTA, ID_CLIENTE, SALDO) VALUES (4, 4, 3200.00);
    INSERT INTO CONTA (ID_CONTA, ID_CLIENTE, SALDO) VALUES (5, 5, 1750.25);
    INSERT INTO CONTA (ID_CONTA, ID_CLIENTE, SALDO) VALUES (6, 6, 4100.80);
    INSERT INTO CONTA (ID_CONTA, ID_CLIENTE, SALDO) VALUES (7, 7, 920.30);
    INSERT INTO CONTA (ID_CONTA, ID_CLIENTE, SALDO) VALUES (8, 8, 2800.60);
    INSERT INTO CONTA (ID_CONTA, ID_CLIENTE, SALDO) VALUES (9, 9, 1200.90);
    INSERT INTO CONTA (ID_CONTA, ID_CLIENTE, SALDO) VALUES (10, 10, 3500.40);
    
    -- Inserir 20 movimentações
    INSERT INTO MOVIMENTACAO (ID_MOVIMENTACAO, ID_CONTA, TIPO, VALOR, DATA_MOVIMENTACAO) VALUES (1, 1, 'DEPOSITO', 500.00, CURRENT_TIMESTAMP);
    INSERT INTO MOVIMENTACAO (ID_MOVIMENTACAO, ID_CONTA, TIPO, VALOR, DATA_MOVIMENTACAO) VALUES (2, 1, 'SAQUE', 200.00, CURRENT_TIMESTAMP);
    INSERT INTO MOVIMENTACAO (ID_MOVIMENTACAO, ID_CONTA, TIPO, VALOR, DATA_MOVIMENTACAO) VALUES (3, 2, 'DEPOSITO', 800.50, CURRENT_TIMESTAMP);
    INSERT INTO MOVIMENTACAO (ID_MOVIMENTACAO, ID_CONTA, TIPO, VALOR, DATA_MOVIMENTACAO) VALUES (4, 2, 'SAQUE', 300.00, CURRENT_TIMESTAMP);
    INSERT INTO MOVIMENTACAO (ID_MOVIMENTACAO, ID_CONTA, TIPO, VALOR, DATA_MOVIMENTACAO) VALUES (5, 3, 'DEPOSITO', 400.75, CURRENT_TIMESTAMP);
    INSERT INTO MOVIMENTACAO (ID_MOVIMENTACAO, ID_CONTA, TIPO, VALOR, DATA_MOVIMENTACAO) VALUES (6, 3, 'SAQUE', 150.00, CURRENT_TIMESTAMP);
    INSERT INTO MOVIMENTACAO (ID_MOVIMENTACAO, ID_CONTA, TIPO, VALOR, DATA_MOVIMENTACAO) VALUES (7, 4, 'DEPOSITO', 1200.00, CURRENT_TIMESTAMP);
    INSERT INTO MOVIMENTACAO (ID_MOVIMENTACAO, ID_CONTA, TIPO, VALOR, DATA_MOVIMENTACAO) VALUES (8, 4, 'SAQUE', 500.00, CURRENT_TIMESTAMP);
    INSERT INTO MOVIMENTACAO (ID_MOVIMENTACAO, ID_CONTA, TIPO, VALOR, DATA_MOVIMENTACAO) VALUES (9, 5, 'DEPOSITO', 750.25, CURRENT_TIMESTAMP);
    INSERT INTO MOVIMENTACAO (ID_MOVIMENTACAO, ID_CONTA, TIPO, VALOR, DATA_MOVIMENTACAO) VALUES (10, 5, 'SAQUE', 250.00, CURRENT_TIMESTAMP);
    INSERT INTO MOVIMENTACAO (ID_MOVIMENTACAO, ID_CONTA, TIPO, VALOR, DATA_MOVIMENTACAO) VALUES (11, 6, 'DEPOSITO', 1100.80, CURRENT_TIMESTAMP);
    INSERT INTO MOVIMENTACAO (ID_MOVIMENTACAO, ID_CONTA, TIPO, VALOR, DATA_MOVIMENTACAO) VALUES (12, 6, 'SAQUE', 400.00, CURRENT_TIMESTAMP);
    INSERT INTO MOVIMENTACAO (ID_MOVIMENTACAO, ID_CONTA, TIPO, VALOR, DATA_MOVIMENTACAO) VALUES (13, 7, 'DEPOSITO', 420.30, CURRENT_TIMESTAMP);
    INSERT INTO MOVIMENTACAO (ID_MOVIMENTACAO, ID_CONTA, TIPO, VALOR, DATA_MOVIMENTACAO) VALUES (14, 7, 'SAQUE', 180.00, CURRENT_TIMESTAMP);
    INSERT INTO MOVIMENTACAO (ID_MOVIMENTACAO, ID_CONTA, TIPO, VALOR, DATA_MOVIMENTACAO) VALUES (15, 8, 'DEPOSITO', 900.60, CURRENT_TIMESTAMP);
    INSERT INTO MOVIMENTACAO (ID_MOVIMENTACAO, ID_CONTA, TIPO, VALOR, DATA_MOVIMENTACAO) VALUES (16, 8, 'SAQUE', 350.00, CURRENT_TIMESTAMP);
    INSERT INTO MOVIMENTACAO (ID_MOVIMENTACAO, ID_CONTA, TIPO, VALOR, DATA_MOVIMENTACAO) VALUES (17, 9, 'DEPOSITO', 600.90, CURRENT_TIMESTAMP);
    INSERT INTO MOVIMENTACAO (ID_MOVIMENTACAO, ID_CONTA, TIPO, VALOR, DATA_MOVIMENTACAO) VALUES (18, 9, 'SAQUE', 220.00, CURRENT_TIMESTAMP);
    INSERT INTO MOVIMENTACAO (ID_MOVIMENTACAO, ID_CONTA, TIPO, VALOR, DATA_MOVIMENTACAO) VALUES (19, 10, 'DEPOSITO', 1000.40, CURRENT_TIMESTAMP);
    INSERT INTO MOVIMENTACAO (ID_MOVIMENTACAO, ID_CONTA, TIPO, VALOR, DATA_MOVIMENTACAO) VALUES (20, 10, 'SAQUE', 450.00, CURRENT_TIMESTAMP);
    
    -- Confirmar dados
    COMMIT;
    
    -- Mostrar mensagem de sucesso
    DBMS_OUTPUT.PUT_LINE('Dados inseridos com sucesso!');
    DBMS_OUTPUT.PUT_LINE('10 clientes, 10 contas, 20 movimentações');
    
END;
/

-- Verificar resultados
SELECT COUNT(*) AS total_clientes FROM CLIENTE;
SELECT COUNT(*) AS total_contas FROM CONTA;
SELECT COUNT(*) AS total_movimentacoes FROM MOVIMENTACAO;

-- Mostrar contas criadas
SELECT c.ID_CONTA, cl.NOME, cl.CPF, c.SALDO 
FROM CONTA c 
JOIN CLIENTE cl ON c.ID_CLIENTE = cl.ID_CLIENTE 
ORDER BY c.ID_CONTA;

SELECT 'Banco populado com sucesso!' AS status FROM dual;